Trajectory,Latitude,Longitude,Date,Length,Speed,FST
1,10.5,-82.5,12726.277,0,0,34
1,9.5,-82.5,12726.447,111.194926644559,15.0548235370366,34
1,8.5,-83.5,12726.317,222.389853289117,34.6725683331921,38
1,8.5,-82.5,12729.975,333.584779933676,17.771284424575,34
1,8.5,-81.5,12727.954,111.194926644559,2.72043173275332,34
1,9.5,-80.5,14159.52,667.169559867352,14.5470108773376,34
1,8.5,-79.5,14335.86,248.589566796915,152.602557886475,34
1,7.5,-79.5,14496.601,566.858877388558,69.4339634233845,34
1,6.5,-78.5,14566.468,896.428360123959,153.445457056466,34
1,6.5,-77.5,14497.429,314.44486257478,10.1032953948779,34
1,5.5,-76.5,14505.36,786.170952951745,23.6798479804737,34
1,4.5,-75.5,14540.536,1117.4469015985,21.270522539231,34
1,3.5,-74.5,14578.954,1228.13416403583,38.5793228634752,34
1,2.5,-73.5,14656.506,3447.04272598132,151.791920647374,34
1,1.5,-72.5,14733.124,139.306124633542,274.765531821794,34
1,0.5,-71.5,14792.803,237.466592539578,491.649259916132,34
1,0.5,-72.5,14879.407,81.9810244501531,36.9783601489096,34
1,-0.5,-72.5,14996.265,237.466592539578,61.4243643402945,34
1,-1.5,-71.5,15011.9,333.584779933676,153.654896330683,34
1,-2.5,-70.5,14965.142,452.498670291224,99.6693106368142,34
1,-3.5,-70.5,15010.271,85.8002983283827,9.5716530933047,84
1,-3.5,-71.5,15117.408,555.974633222794,565.589657398469,84
1,-4.5,-71.5,15131.208,5003.77169900514,600.692881033036,84
1,-5.5,-71.5,15123.822,5004.75035144174,1009.02224827472,84
1,-6.5,-71.5,15098.637,667.169559867352,3223.04135201098,84
1,-7.5,-71.5,15057.763,87.0216285574898,8.66404107501901,84
1,-8.5,-71.5,15002.107,1004.02859539545,85.7411268484513,84
1,-9.5,-71.5,14931.942,269.963173089724,87.1411146190214,84
1,-10.5,-71.5,14847.573,135.388316970827,28.1765487972567,84
1,-11.5,-71.5,14749.954,1004.13608302733,286.814076842978,84
1,-12.5,-71.5,14639.823,2892.78844952485,639.431575933955,84
1,-13.5,-71.5,14516.955,3892.96341614296,244.210740614969,84
1,-14.5,-71.5,14384.767,5340.94923651795,6007.81691396147,84
1,-15.5,-71.5,14249.017,5559.74633222794,9455.35090515377,11
1,-16.5,-71.5,14112.838,133.789080857817,90.8276176903059,11
1,-17.5,-71.5,13979.858,188.053464882682,10.2913295508504,11
1,-18.5,-71.5,13853.088,1115.03704098386,16642.3438950538,11
1,-19.5,-71.5,13736.296,89.3844032370609,9.75918803767489,NaN
1,-20.5,-71.5,13634.49,1234.14153206956,49.6756372592784,NaN
1,-21.5,-71.5,13558.039,133.789080857817,13.9815112193357,NaN
1,-22.5,-71.5,13524.86,132.986200020639,127.137858528302,NaN
1,-23.5,-71.5,13559.592,132.182408528882,15.8131844154655,NaN
1,-24.5,-70.5,13554.999,1669.86422659772,544.994852023022,NaN
1,-25.5,-69.5,13699.804,4230.53175722546,24037.112256786,NaN
1,-26.5,-69.5,13877.664,1682.48760070854,100.850422628342,NaN
1,-26.5,-70.5,13901.968,2337.29681555181,232.520574567438,NaN
1,-26.5,-71.5,13984.075,2001.50867960206,214.938646864484,NaN
1,-27.5,-71.5,14114.688,1897.11203270535,191.010071758479,NaN
1,-28.5,-70.5,14163.726,91.6382779368978,20.1005215917772,11
1,-28.5,-71.5,14220.884,1890.3137529575,166.812014909764,11
1,-28.5,-72.5,14308.809,6122.34148359082,390.405655119918,11
1,-29.5,-71.5,14307.54,554.579628130916,44.4161163007338,4
1,-30.5,-70.5,14351.471,6593.95762016697,562.14472465185,4
1,-31.5,-70.5,14425.697,2112.70360624662,1436.23630608244,4
1,-31.5,-71.5,14442.149,92.7235142869711,480.432716514542,4
1,-32.5,-70.5,14491.878,4258.0360250404,339.610466186014,4
1,-33.5,-70.5,14553.074,2049.63350979298,86.9188545775398,4
1,-33.5,-71.5,14553.267,2183.63301066004,188.325399798203,4
1,-33.5,-72.5,14629.771,156.82220622486,19.7733206688753,4
1,-34.5,-71.5,14605.968,247.155106121747,298.496504978129,4
1,-34.5,-70.5,14610.527,4548.88187195677,963.133997873557,4
1,-35.5,-71.5,14656.682,145.794350985685,2.93177725242177,4
1,-36.5,-71.5,14703.564,94.8089320006254,5.76276027234557,4
1,-36.5,-70.5,14712.723,1893.05146817867,46.2509520688653,4
1,-37.5,-70.5,14754.478,1782.05307287188,53.5215363068195,4
1,-38.5,-71.5,14777.592,4441.74807114304,284.526812577243,4
1,-38.5,-70.5,14787.636,4182.31519674771,154.60852451841,4
1,-39.5,-71.5,14802.116,147.72269019976,116.408739322258,4
1,-39.5,-70.5,14811.08,1556.72897302382,26.6002934405925,4
1,-40.5,-71.5,14817.791,1445.53404637926,51.3821507261676,4
1,-40.5,-70.5,14824.357,97.719721977781,1.70964207946013,4
1,-41.5,-71.5,14824.864,4359.86757305182,1036.5828751906,4
1,-42.5,-71.5,14823.874,4226.91833751685,94.2835103835835,4
1,-42.5,-70.5,14821.657,1223.14419309015,661.159023291841,4
1,-43.5,-71.5,14815.62,1111.94926644559,8.6356272100339,4
1,-44.5,-71.5,14801.133,1000.75433980103,237.314284989542,4
1,-44.5,-70.5,14787.843,1006.03471498992,12.9160959685444,4
1,-45.5,-70.5,14762.784,99.5119092208378,4.09446631092978,4
1,-46.5,-71.5,14757.979,912.921550102883,37.1468729696797,4
1,-47.5,-72.5,14765.882,111.194926644559,0.952076568982114,4
1,-48.5,-72.5,14732.536,698.047658414385,19.1287859918443,4
1,-47.5,-71.5,14731.063,592.42951313892,9.07048279295277,4
1,-46.5,-70.5,14734.013,333.584779933676,4.45385430764079,4
1,-46.5,-69.5,14712.79,222.389853289117,143.200163096674,4
1,-47.5,-69.5,14678.72,348.929390028247,114.779404614522,4
1,-48.5,-70.5,14669.151,244.650620462589,8.11741001568053,4
1,-49.5,-71.5,14668.105,3649.39376256345,4.59109652662139,4
1,-50.5,-72.5,14659.746,109.973515880416,54.4153962792584,4
1,-51.5,-72.5,14620.459,156.287269009406,103.707544133674,4
1,-51.5,-71.5,14594.636,156.287269009407,1202.2097616014,4
1,-52.5,-71.5,14554.738,247.958491847968,6198.96229634577,4
2,10.5,-82.5,12726.277,0,0,34
2,9.5,-82.5,12726.447,157.204481446989,13.6675779383571,34
2,8.5,-81.5,12727.954,471.697220818213,94.6993015093827,34
2,9.5,-80.5,14159.52,157.252375353749,11.5950726554896,34
2,8.5,-79.5,14335.86,4893.5729582983,851.500427753405,34
2,7.5,-79.5,14496.601,136.182823285998,12.7154830332387,34
2,6.5,-78.5,14566.468,273.141414580248,62.7478554055366,34
2,6.5,-77.5,14497.429,408.486226728257,903.730590104493,34
2,5.5,-76.5,14505.36,546.159637669193,124.979322121126,34
2,4.5,-75.5,14540.536,4918.24545830619,240.090088274643,34
2,3.5,-74.5,14578.954,5449.41966646057,2644.06582555137,34
2,2.5,-73.5,14656.506,111.194926644558,3.70835173068388,34
2,1.5,-72.5,14733.124,871.542557515566,383.095629677233,34
2,0.5,-71.5,14792.803,111.194926644559,55.4864903416241,34
2,-0.5,-70.5,14779.241,111.194926644559,10.6041318562417,34
2,-1.5,-69.5,14809.286,4115.45506682416,308.782643069051,34
2,-2.5,-68.5,14797.784,5239.9159863014,1073.75327588121,34
2,-2.5,-67.5,14672.985,132.182408528882,15.8131844154655,115
2,-3.5,-66.5,14562.038,5894.10317002751,1819.16764507034,115
2,-4.5,-66.5,14554.193,4741.18034267093,487.324529003109,84
2,-5.5,-65.5,14302.265,111.194926644558,5.30687379585552,84
2,-6.5,-64.5,13825.109,1545.02114682621,287.981574431738,84
2,-7.5,-64.5,13717.921,178.738893565665,8.0647427498832,84
2,-8.5,-64.5,13565.716,131.378677942717,35.8958136455526,84
2,-9.5,-64.5,13388.82,1545.02114682621,194.685124348068,11
2,-9.5,-63.5,13032.859,4782.09434873029,617.363071098589,11
2,-8.5,-62.5,12997.122,554.579628130916,44.4161163007338,11
2,-9.5,-62.5,12954.935,1735.26253238137,391.707117919019,11
2,-10.5,-61.5,12942.195,5350.32062329013,7556.95003288991,11
2,-11.5,-61.5,12906.352,130.575997631312,19.8082520678551,11
2,-11.5,-60.5,12902.956,5357.12726394029,9829.59130998087,14
2,-12.5,-59.5,12893.067,1414.55206080575,103.577071158075,14
2,-12.5,-58.5,12885.665,4938.58546539636,731.642291169831,14
2,-13.5,-57.5,12855.316,111.194926644559,5.87866384586591,14
2,-14.5,-56.5,12849.153,4967.5663041352,522.296951333816,14
2,-15.5,-55.5,12858.515,156.82220622486,19.7733206688753,14
2,-16.5,-55.5,12870.842,247.155106121747,298.496504978129,14
2,-17.5,-54.5,12941.941,5169.58399922405,1066.33333317329,14
2,-18.5,-53.5,13046.162,89.3844032370609,0.846210825029681,14
2,-17.5,-52.5,13082.342,5309.5485654163,105.633227865199,14
2,-18.5,-52.5,13092.507,5446.8935005092,297.904916895032,14
2,-19.5,-52.5,13117.887,3581.29842033846,233.903626173244,14
2,-20.5,-51.5,13210.493,3484.5239409585,68.5740925917756,14
2,-20.5,-50.5,13226.574,111.194926644559,7.21576422093186,14
2,-21.5,-50.5,13246.632,143.736911464244,4.60429596592508,14
2,-21.5,-51.5,13256.798,111.194926644558,4.99842338598189,14
2,-22.5,-51.5,13328.572,144.436028368311,7.38841006539046,14
2,-23.5,-50.5,13349.642,5413.90857327153,1543.3034701459,14
2,-23.5,-51.5,13415.415,5364.37562803326,466.548584800265,14
2,-24.5,-51.5,13501.381,111.194926644559,4.7608720091005,14
2,-25.5,-50.5,13508.325,145.122056628273,318.250124184718,14
2,-25.5,-50.5,13508.325,217.135727658165,44.9184376620219,14
2,-26.5,-51.5,13640.706,187.558950635752,12.6943452206942,14
2,-27.5,-52.5,13752.043,145.794350985685,19.3002847479062,14
2,-28.5,-52.5,13797.108,94.8089320006248,5.64204546540254,4
2,-29.5,-52.5,13839.905,111.194926644559,3.92817771733339,4
2,-29.5,-53.5,13887.501,111.194926644558,3.58231078107479,4
2,-29.5,-54.5,13961.08,96.7788399044884,1.96877026475347,4
2,-29.5,-55.5,13971.739,96.7788399044884,9.07954216197501,4
2,-29.5,-56.5,14020.896,96.7788399044884,1.31530518088706,4
2,-30.5,-56.5,14051.936,96.7788399044878,2.03333977444509,4
2,-31.5,-56.5,14080.243,2849.90256230836,192.613041518539,4
2,-32.5,-56.5,14104.601,2752.68511318489,98.3066716611862,4
2,-31.5,-57.5,14097.047,111.194926644559,2.46743429811511,4
2,-32.5,-58.5,14119.376,2557.96787361726,74.9653558882042,4
2,-32.5,-57.5,14124.666,2520.16618144565,32.6382980178158,4
2,-33.5,-56.5,14124.21,2426.01253653395,32.3511473067603,4
2,-33.5,-57.5,14148.022,2401.60062491881,41.8462934069597,4
2,-34.5,-58.5,14163.028,0,NaN,4
2,-33.5,-59.5,14182.577,150.066014524323,21.6108891884065,4
2,-34.5,-59.5,14204.823,111.194926644559,1.29347563739805,4
2,-35.5,-60.5,14236.041,2081.25979173047,78.2575593807249,4
2,-36.5,-60.5,14251.451,2153.2258935513,54.9600769194779,4
2,-37.5,-61.5,14317.576,151.130749906556,7.17279306628181,4
2,-36.5,-62.5,14386.124,111.194926644559,1.5492368635517,4
2,-36.5,-63.5,14491.753,103.457536832802,10.1768184962415,4
2,-37.5,-63.5,14514.871,111.194926644559,5.54366969012683,4
2,-38.5,-63.5,14533.786,104.153033237985,6.47677589938335,4
2,-38.5,-64.5,14586.7,152.58392439268,1.64766780114334,4
2,-38.5,-65.5,14625.824,111.194926644559,4.38120278347337,4
2,-39.5,-65.5,14646.777,111.194926644559,10.9389991780196,4
2,-39.5,-66.5,14686.313,153.452063497664,4.24135056654678,4
2,-40.5,-66.5,14696.799,1470.56444243078,110.543820373659,4
2,-41.5,-66.5,14698.803,156.287269009407,4.3732621375438,4
2,-42.5,-67.5,14753.609,111.194926644559,2.63576283320831,4
2,-43.5,-68.5,14758.431,156.062333150361,12.2497906711431,4
2,-44.5,-69.5,14773.494,1084.14039232151,4268.26926112518,4
2,-45.5,-70.5,14762.784,1006.14004404577,28.2710962388876,4
2,-46.5,-71.5,14757.979,108.962600675138,32.0855714591041,4
2,-47.5,-71.5,14731.063,155.543543681966,15.7289456650773,4
2,-48.5,-71.5,14701.078,108.559098345111,14.6661845913452,4
2,-49.5,-71.5,14668.105,549.617449467632,37.0786918618107,4
2,-50.5,-72.5,14659.746,111.194926644559,9.02043697935821,4
2,-51.5,-72.5,14620.459,309.528778478039,96.7579801432212,4
2,-51.5,-71.5,14594.636,154.934241840828,25.1394194127561,4
2,-50.5,-70.5,14598.296,3760.57725953108,31.0281211852496,4
2,-51.5,-70.5,14561.33,156.287269009406,103.707544133674,4
2,-52.5,-71.5,14554.738,111.194926644559,654.087803791242,4
3,10.5,-82.5,12726.277,0,0,34
3,9.5,-81.5,12724.907,136.182823285998,12.7154830332387,34
3,8.5,-80.5,14365.559,273.141414580248,62.7478554055366,34
3,7.5,-79.5,14496.601,408.486226728257,903.730590104493,34
3,6.5,-78.5,14566.468,458.347905390121,25.8763566527482,34
3,6.5,-77.5,14497.429,5028.584813413,704.086364241547,34
3,5.5,-76.5,14505.36,5449.41966646057,2644.06582555137,34
3,4.5,-75.5,14540.536,111.194926644558,3.70835173068388,34
3,3.5,-74.5,14578.954,772.238613439921,85.0108557287552,34
3,2.5,-73.5,14656.506,81.9810244501531,3.84310071489555,34
3,1.5,-72.5,14733.124,111.194926644559,172.395235107727,34
3,1.5,-71.5,14639.7,1004.20467389716,525.211649527729,34
3,0.5,-70.5,14639.995,1105.50071063111,174.396704627089,34
3,0.5,-69.5,14529.479,4850.05089104395,922.062907042539,34
3,0.5,-68.5,14456.543,400.809764823699,24.2753173535057,115
3,0.5,-67.5,14347.047,157.240399596616,533.01830371721,115
3,0.5,-66.5,14286.301,5782.13618551705,799.742210998057,115
3,0.5,-65.5,14192.59,1339.80907334742,46.9120824001207,115
3,0.5,-64.5,13845.255,1439.94126468065,155.266472361521,115
3,0.5,-63.5,13234.489,6122.34148359082,390.405655119918,115
3,0.5,-62.5,13075.029,554.579628130916,44.4161163007338,115
3,-0.5,-62.5,13073.505,6593.95762016697,562.14472465185,115
3,-0.5,-61.5,13113.833,1569.76639633593,277.099099088472,115
3,0.5,-60.5,13076.719,5044.87659245349,590.942555049003,115
3,-0.5,-59.5,13093.619,801.195989596494,72.4605218048696,115
3,0.5,-59.5,13094.558,955.463660746911,39.6145636530105,115
3,1.5,-59.5,13095.333,156.82220622486,19.7733206688753,115
3,0.5,-58.5,13063.718,247.155106121747,298.496504978129,115
3,1.5,-57.5,13105.151,1446.63405009614,36.1134866966924,115
3,0.5,-56.5,13106.547,4489.52925941843,206.244453299266,115
3,-0.5,-56.5,13108.258,111.194926644558,8.08631566028336,115
3,-0.5,-55.5,13074.922,5548.69436738379,100.039563100762,115
3,0.5,-54.5,13122.418,1692.4909624099,91.4266941664868,115
3,0.5,-53.5,13063.747,4270.17863083644,144.89425641601,115
3,1.5,-52.5,13113.974,111.194926644559,7.96297097139497,115
3,0.5,-51.5,13066.011,4146.48536893553,239.528933564531,14
3,-0.5,-51.5,13068.46,4270.17863083644,200.271017298397,14
3,0.5,-50.5,13070.138,88.2164515256372,4.82083455520201,14
3,-0.5,-50.5,13075.095,111.194926644559,9.98697023931729,14
3,-1.5,-51.5,13071.076,111.194926644559,8.24215600359936,14
3,-2.5,-51.5,13074.107,143.736911464244,30.2986744233192,14
3,-3.5,-51.5,13078,111.194926644558,4.76127972272678,14
3,-4.5,-51.5,13083.434,3816.6282991184,2791.97388377313,14
3,-3.5,-50.5,13092.238,3832.36016628317,382.73845663466,14
3,-4.5,-50.5,13100.797,144.436028368311,7.38841006539046,14
3,-5.5,-50.5,13111.5,144.436028368311,9.6252184704996,14
3,-6.5,-50.5,13124.741,92.7235142869705,3.89398262585939,14
3,-7.5,-50.5,13141.327,111.194926644559,5.67060669307803,14
3,-8.5,-50.5,13161.923,145.794350985685,19.3002847479062,14
3,-9.5,-50.5,13185.462,146.452287026245,3.24648726532868,14
3,-10.5,-50.5,13208.781,146.452287026245,6.90259164944342,14
3,-11.5,-50.5,13228.552,111.194926644559,3.86415508217124,14
3,-12.5,-50.5,13242.438,111.194926644558,3.68146360232284,14
3,-13.5,-50.5,13249.596,96.7788399044884,9.07954216197501,14
3,-14.5,-50.5,13250.555,147.72269019976,1.31353426223756,14
3,-15.5,-50.5,13246.686,3430.84491505411,1020.1739265694,14
3,-16.5,-50.5,13239.722,3468.64316762984,72.0427683475587,14
3,-17.5,-50.5,13231.546,97.719721977781,1.84293380314163,14
3,-18.5,-50.5,13224.372,111.194926644559,2.27494837441298,14
3,-19.5,-50.5,13221.223,111.194926644559,2.0402738833864,14
3,-20.5,-50.5,13226.574,149.506185597665,1.12936286625472,14
3,-21.5,-50.5,13246.632,0,NaN,14
3,-21.5,-51.5,13256.798,111.194926644559,1.35293384246555,14
3,-22.5,-51.5,13328.572,111.194926644559,1.45362346093937,14
3,-23.5,-50.5,13349.642,151.130749906556,7.17279306628181,14
3,-24.5,-50.5,13426.137,111.194926644559,1.5492368635517,14
3,-25.5,-50.5,13508.325,785.504007677677,125.821561377163,14
3,-25.5,-50.5,13508.325,111.194926644559,115.948828617803,14
3,-26.5,-51.5,13640.706,222.389853289117,76.4226299962641,14
3,-27.5,-51.5,13695.206,667.169559867353,12354.9918493754,14
3,-28.5,-51.5,13744.084,1000.75433980103,238.615722413244,4
3,-28.5,-52.5,13797.108,444.779706578235,163.762778563394,4
3,-28.5,-53.5,13848.618,2367.75069923589,452.465258787658,4
3,-29.5,-54.5,13961.08,2455.96617782631,834.511103576925,4
3,-29.5,-55.5,13971.739,667.169559867352,222.835524337749,4
3,-30.5,-55.5,14001.943,1000.75433980103,505.942537816712,4
3,-31.5,-55.5,14030.719,222.389853289117,100.994483782472,4
3,-30.5,-56.5,14051.936,111.194926644559,35.3111866130767,4
3,-31.5,-57.5,14097.047,1000.75433980103,80.4335588973719,4
3,-32.5,-56.5,14104.601,111.194926644559,4.7684260321863,4
3,-33.5,-56.5,14124.21,111.194926644559,4.72385940968453,4
3,-33.5,-57.5,14148.022,111.194926644559,5.39886029542394,4
3,-34.5,-58.5,14163.028,111.194926644559,6.70414365395895,4
3,-33.5,-59.5,14182.577,896.041670485522,385.72607425114,4
3,-33.5,-60.5,14193.957,248.606590340166,29.4418036878471,4
3,-34.5,-60.5,14217.311,1025.07966476614,7270.06854446019,4
3,-35.5,-59.5,14222.055,1341.68688590713,575.090821220241,4
3,-36.5,-59.5,14235.546,867.593563777818,267.61059956131,4
3,-37.5,-59.5,14246.68,111.194926644559,64.9882680564595,4
3,-37.5,-60.5,14264.979,157.240399596615,112.636389395805,4
3,-36.5,-61.5,14303.612,1024.69320854338,235.345247713258,4
3,-37.5,-61.5,14317.576,1202.08974567767,220.001783615973,4
3,-38.5,-62.5,14421.024,111.194926644559,143.477324702724,4
3,-39.5,-62.5,14434.775,111.194926644559,118.418452230588,4
3,-39.5,-63.5,14549.073,1054.19934487849,763.35940975927,4
3,-39.5,-64.5,14603.91,157.060945699498,17.839725772319,4
3,-40.5,-65.5,14661.766,111.194926644559,20.4628131476948,4
3,-41.5,-65.5,14670.017,1094.64287645586,854.522151799474,4
3,-42.5,-65.5,14670.662,1117.48113192816,688.104145276049,4
3,-42.5,-66.5,14691.994,1338.94733587365,20287.0808469104,4
3,-43.5,-67.5,14740.266,786.257084079239,7348.19704747153,4
3,-43.5,-68.5,14758.431,497.122221732036,609.965916235245,4
3,-44.5,-69.5,14773.494,1242.72218357471,2064.32256407495,4
3,-45.5,-70.5,14762.784,1227.98652828839,505.552296536988,4
3,-46.5,-71.5,14757.979,248.63499608175,265.069292198513,4
3,-47.5,-71.5,14731.063,157.252375353749,93.7141688638794,4
3,-48.5,-71.5,14701.078,111.194926644559,45.4042166780798,4
3,-49.5,-71.5,14668.105,222.381384505063,98.2249931559017,4
3,-50.5,-71.5,14632.47,555.953449968115,19170.8086204944,4
3,-51.5,-71.5,14594.636,2876.35324338974,8.52401825323461,4
3,-52.5,-71.5,14554.738,156.06233315036,113.914111788517,4
4,10.5,-82.5,12726.277,0,0,34
4,9.5,-81.5,12724.907,111.194926644559,112.318107721801,34
4,9.5,-82.5,12726.447,222.389853289118,36.5592394031067,34
4,8.5,-81.5,12727.954,333.584779933676,153.654896330683,34
4,9.5,-80.5,14159.52,444.779706578235,32.9368858544289,34
4,8.5,-79.5,14335.86,555.974633222794,565.589657398469,34
4,7.5,-79.5,14496.601,111.194926644559,5.68306892796457,34
4,6.5,-78.5,14566.468,778.364486511911,195.814965160301,34
4,6.5,-77.5,14497.429,889.55941315647,45.3556015477701,34
4,5.5,-76.5,14505.36,1000.75433980103,73.8782179094303,34
4,4.5,-75.5,14540.536,4337.82482774739,383.57280287797,34
4,3.5,-74.5,14578.954,5449.41966646057,2644.06582555137,34
4,2.5,-73.5,14656.506,1223.14419309015,44.479588097391,34
4,1.5,-72.5,14733.124,1334.3391197347,536.741399732213,34
4,1.5,-71.5,14639.7,132.986200020639,33.7100633765904,34
4,0.5,-70.5,14639.995,72.2147981024756,2.48776347328355,34
4,0.5,-69.5,14529.479,1556.72897302382,136.2802217477,34
4,0.5,-68.5,14456.543,4230.53175722546,24037.112256786,115
4,0.5,-67.5,14347.047,400.809764823699,24.2753173535057,115
4,0.5,-66.5,14286.301,157.240399596616,533.01830371721,115
4,0.5,-65.5,14192.59,5671.75183148143,1025.63324258241,115
4,0.5,-64.5,13845.255,1669.9293329008,59.2131527161493,115
4,0.5,-63.5,13234.489,1780.96328234682,232.138071213075,115
4,1.5,-63.5,13218.615,131.378677942717,35.8958136455526,115
4,0.5,-62.5,13075.029,6122.34148359082,390.405655119918,115
4,-0.5,-61.5,13113.833,554.579628130916,44.4161163007338,115
4,-0.5,-60.5,13075.716,6593.95762016697,562.14472465185,115
4,0.5,-60.5,13076.719,2114.21606464391,1270.56253884938,115
4,0.5,-60.5,13076.719,4258.0360250404,339.610466186014,115
4,-0.5,-59.5,13093.619,801.195989596494,72.4605218048696,115
4,-1.5,-58.5,13070.581,3780.627505915,1301.42082819846,115
4,-1.5,-57.5,13111.676,4398.86271731746,207.356590804067,115
4,-2.5,-56.5,13112.13,156.82220622486,19.7733206688753,14
4,-3.5,-57.5,13115.59,247.155106121747,298.496504978129,14
4,-4.5,-57.5,13116.656,4572.2659233143,135.362245346506,14
4,-4.5,-56.5,13115.294,3670.93484367273,584.543764915978,14
4,-5.5,-56.5,13115.245,3669.43257927044,136.136847194126,14
4,-6.5,-57.5,13113.179,145.794350985685,2.18238681215006,14
4,-7.5,-57.5,13105.233,3558.23765262588,226.106478529966,14
4,-8.5,-57.5,13089.011,1599.32648178033,142.962946436072,14
4,-8.5,-56.5,13088.707,1692.4909624099,34.151031344657,14
4,-9.5,-56.5,13060.361,3447.04272598132,67.1872668547179,14
4,-10.5,-57.5,13014.853,3448.66563356997,81.3249453749481,14
4,-11.5,-57.5,12956.823,1938.1460117555,58.6073786439527,14
4,-12.5,-57.5,12898.028,4624.7690153956,197.969650930844,14
4,-13.5,-57.5,12855.316,147.72269019976,1.37991527668573,14
4,-14.5,-58.5,12842.219,97.7197219777798,41.3891240905325,14
4,-15.5,-57.5,12848.79,148.334011912414,1.54748330199171,14
4,-15.5,-56.5,12850.02,3120.78251653014,36.4424134304512,14
4,-16.5,-56.5,12876.349,3009.904286428,739.534222709635,14
4,-17.5,-57.5,12958.359,149.506185597665,2.77099354260417,14
4,-18.5,-57.5,13076.189,150.066014524323,3.30950102603048,14
4,-19.5,-58.5,13225.956,150.607689732692,2.3189322021447,11
4,-20.5,-58.5,13385.039,151.130749906556,5.15189193477248,11
4,-20.5,-57.5,13411.532,151.634753598906,1.74389034868557,11
4,-21.5,-56.5,13533.976,0,NaN,14
4,-21.5,-57.5,13560.653,103.457536832802,3.8781548462272,11
4,-21.5,-57.5,13560.653,152.119279114263,1.2423579686572,11
4,-22.5,-58.5,13647.605,104.153033237985,3.93134160865097,11
4,-23.5,-59.5,13676.94,2397.65762790064,15.9259888933951,11
4,-24.5,-60.5,13741.887,2289.77902320697,268.343961468079,11
4,-25.5,-61.5,13787.231,2398.03241317944,326.662908756209,11
4,-26.5,-62.5,13841.185,943.142449518232,9.25021282592259,11
4,-27.5,-62.5,13930.891,111.194926644559,104.3104377528,11
4,-28.5,-63.5,14026.746,157.060945699497,530.611303038347,11
4,-28.5,-64.5,14029.107,111.194926644559,2269.28421727902,11
4,-29.5,-65.5,14136.159,785.602377244843,556.375621278114,4
4,-30.5,-66.5,14234.996,801.264271612905,1225.17472723601,4
4,-31.5,-67.5,14362.784,458.379864778455,436.968412562504,4
4,-32.5,-68.5,14429.589,157.204481446989,346.26537763675,4
4,-32.5,-69.5,14462.823,667.169559867352,103.54952038917,4
4,-33.5,-69.5,14526.574,809.32422747198,69.6852270941975,4
4,-33.5,-70.5,14553.074,916.726429423916,198.942367496502,4
4,-34.5,-71.5,14605.968,109.973515880417,361.754986448636,4
4,-35.5,-71.5,14656.682,1094.51554416271,91.3009296098263,4
4,-36.5,-71.5,14703.564,0,NaN,4
4,-37.5,-71.5,14744.433,2137.98954736746,4033.94254221162,4
4,-38.5,-71.5,14777.592,2028.13130202676,4287.80402119863,4
4,-39.5,-71.5,14802.116,248.636889990197,361.916870437021,4
4,-40.5,-71.5,14817.791,497.243472019618,111.790348925266,4
4,-41.5,-71.5,14824.864,916.644401709485,89.6912330439867,4
4,-42.5,-71.5,14823.874,156.06233315036,3.42933842731728,4
4,-43.5,-71.5,14815.62,778.364486511911,13.7778257250669,4
4,-44.5,-71.5,14801.133,667.169559867352,434.355182205291,4
4,-45.5,-71.5,14781.567,111.194926644559,1.89123099999249,4
4,-46.5,-71.5,14757.979,457.616114064398,21.1087279885786,4
4,-47.5,-71.5,14731.063,350.444920285834,16.6616707215254,4
4,-48.5,-71.5,14701.078,247.072877252652,46.6527336202113,4
4,-49.5,-72.5,14697.133,107.150720428022,87.1144068520814,4
4,-49.5,-71.5,14668.105,154.596235564078,23.5270484802978,4
4,-49.5,-70.5,14634.17,3602.01093537251,31.5233092843174,4
4,-50.5,-70.5,14598.296,156.287269009406,103.707544133674,4
4,-51.5,-71.5,14594.636,111.194926644559,654.087803791242,4
4,-52.5,-71.5,14554.738,156.06233315036,113.914111788517,4
5,10.5,-82.5,12726.277,0,0,34
5,9.5,-82.5,12726.447,157.204481446988,2.05179568047962,34
5,8.5,-81.5,12727.954,400.809764823699,24.2753173535057,34
5,8.5,-80.5,14365.559,157.240399596616,533.01830371721,34
5,7.5,-79.5,14496.601,4942.75737763377,298.764348261231,34
5,6.5,-78.5,14566.468,111.194926644559,1111.94926644154,34
5,6.5,-77.5,14497.429,222.389853289117,30.995101503705,34
5,5.5,-76.5,14505.36,111.194926644559,7.61504770884583,34
5,4.5,-75.5,14540.536,633.121156441765,102.562960706576,34
5,3.5,-74.5,14578.954,132.986200020639,54.2579355449561,34
5,2.5,-73.5,14656.506,403.705395794122,32.861652079294,34
5,1.5,-72.5,14733.124,5537.73409158708,3910.82916072237,34
5,1.5,-71.5,14639.7,6023.53109128434,835.788967848488,34
5,0.5,-70.5,14639.995,443.069597175711,91.3168996652529,34
5,0.5,-69.5,14529.479,6138.98669622359,14377.0180239536,34
5,0.5,-68.5,14456.543,6494.42674472324,1263.99897717442,115
5,0.5,-67.5,14347.047,1335.83365207024,2204.3459605128,115
5,0.5,-66.5,14286.301,814.342589857731,282.659697972197,115
5,0.5,-65.5,14192.59,188.053464882682,63.963763565527,115
5,0.5,-64.5,13845.255,836.226334277546,5068.03838953406,115
5,0.5,-63.5,13234.489,1569.76639633593,277.099099088472,115
5,0.5,-62.5,13075.029,5044.87659245349,590.942555049003,115
5,-0.5,-61.5,13113.833,801.195989596494,72.4605218048696,115
5,0.5,-60.5,13076.719,955.463660746911,39.6145636530105,115
5,-0.5,-59.5,13093.619,156.82220622486,19.7733206688753,115
5,-1.5,-59.5,13093.009,247.155106121747,298.496504978129,115
5,-2.5,-59.5,13092.828,1446.63405009614,36.1134866966924,115
5,-3.5,-58.5,13079.001,4379.8218610927,123.309267183554,14
5,-2.5,-57.5,13113.806,5548.69436738379,100.039563100762,115
5,-3.5,-56.5,13114.002,6023.71794933441,1160.19220903996,14
5,-4.5,-56.5,13115.294,237.466592539578,21.8420338980492,14
5,-5.5,-56.5,13115.245,4599.29611516607,1878.79743266563,14
5,-6.5,-56.5,13112.514,4956.98200853176,1697.01540860366,14
5,-7.5,-56.5,13104.793,474.902407528177,116.597693967135,14
5,-8.5,-56.5,13088.707,237.916190487756,33.7517648585314,14
5,-9.5,-56.5,13060.361,138.535216729955,9.79670580085855,14
5,-9.5,-57.5,13059.94,237.466592539578,28.4663860632479,14
5,-10.5,-57.5,13014.853,139.306124633542,10.6340553155372,14
5,-11.5,-57.5,12956.823,4723.09520285044,424.738777234721,14
5,-12.5,-56.5,12911.399,4613.76131983481,815.728663337269,14
5,-13.5,-56.5,12870.691,343.659336638945,17.3740817309876,14
5,-13.5,-57.5,12855.316,80.657464885743,4.86797422208615,14
5,-14.5,-56.5,12849.153,137.757137842526,191.329358114311,14
5,-15.5,-56.5,12850.02,81.9810244501531,7.08687970696387,14
5,-16.5,-56.5,12876.349,138.535216729955,73.5324929564511,14
5,-16.5,-57.5,12886.146,111.194926644559,10.9164467548166,14
5,-17.5,-57.5,12958.359,84.5528329074335,20.2279504563224,14
5,-18.5,-56.5,13048.412,111.194926644559,19.8810882611443,14
5,-19.5,-56.5,13207.038,111.194926644558,21.1156336203053,14
5,-19.5,-57.5,13238.463,111.194926644559,18.7291437838236,11
5,-20.5,-58.5,13385.039,88.2164515256372,54.6909184908068,11
5,-21.5,-58.5,13529.488,4286.22877836573,900.657444497944,11
5,-21.5,-57.5,13560.653,4177.22866156561,1075.49656579959,11
5,-21.5,-57.5,13560.653,143.025372092179,18.3318856821565,11
5,-22.5,-57.5,13676.244,111.194926644559,7.83228334468958,11
5,-23.5,-56.5,13748.215,91.6382779368973,3.2957481725192,11
5,-24.5,-56.5,13818.64,240.941645280534,16.9248135206885,11
5,-24.5,-57.5,13828.895,145.122056628273,318.250124184718,11
5,-25.5,-58.5,13859.372,111.194926644559,5.67060669307803,11
5,-26.5,-58.5,13903.807,111.194926644559,4.56502695806544,11
5,-26.5,-57.5,13923.67,146.452287026245,10.325175340259,11
5,-26.5,-56.5,13916.406,147.095261094626,3.2569860526234,11
5,-27.5,-56.5,13954.01,111.194926644559,3.40503817505377,11
5,-28.5,-56.5,13988.24,111.194926644559,3.24846411465265,4
5,-29.5,-56.5,14020.896,148.928684256796,4.90865801769266,4
5,-30.5,-57.5,14066.059,99.5119092208371,13.6993267099185,4
5,-31.5,-56.5,14080.243,199.022309483829,15.7966750919776,4
5,-32.5,-56.5,14104.601,111.194926644559,2.50241761324531,4
5,-32.5,-57.5,14124.666,2962.11414602809,209.826035703623,4
5,-33.5,-56.5,14124.21,2880.42182135637,176.064903505904,4
5,-34.5,-56.5,14138.902,101.182855905068,9.86668511994719,4
5,-34.5,-57.5,14166.707,111.194926644559,1.57891269640837,4
5,-35.5,-57.5,14180.904,151.130749906555,2.09988397974957,4
5,-36.5,-58.5,14188.706,111.194926644559,0.961968722863875,4
5,-37.5,-58.5,14197.349,0,NaN,4
5,-37.5,-57.5,14198.962,103.457536832802,3.31967068290709,4
5,-38.5,-57.5,14204.899,111.194926644559,0.76978675272629,4
5,-39.5,-57.5,14210.165,152.58392439268,1.0409884591794,4
5,-40.5,-57.5,14215.758,2318.17260387645,583.334827346845,4
5,-40.5,-58.5,14219.938,2351.28603843485,85.6539302187506,4
5,-40.5,-59.5,14280.645,1667.92389966838,18.1801959765039,4
5,-41.5,-60.5,14333.004,111.194926644559,2269.28421727902,4
5,-42.5,-60.5,14360.367,222.389853289117,178.913799910738,4
5,-43.5,-59.5,14344.126,648.02705944927,3834.47964171463,4
5,-42.5,-59.5,14318.863,497.122221732036,18411.9341381938,4
5,-43.5,-58.5,14260.865,458.379864778455,354.783177072756,4
5,-42.5,-58.5,14243.576,111.194926644559,14.401622412196,4
5,-43.5,-57.5,14244.296,846.432910658154,75.7502157381622,4
5,-42.5,-57.5,14232.008,111.194926644559,182.286764990906,4
5,-41.5,-58.5,14230.124,111.194926644559,614.336611294225,4
5,-41.5,-59.5,14297.421,745.163040071941,180.820926976969,4
5,-40.5,-60.5,14310.521,598.324767921337,61.6448349393498,4
5,-40.5,-61.5,14349.495,497.224520814955,217.889798779458,4
5,-39.5,-61.5,14340.053,222.381384505064,131.586618050436,4
5,-38.5,-62.5,14421.024,1295.2448345587,88.3041201635348,4
5,-39.5,-63.5,14549.073,109.66991719403,260.498615662609,4
5,-40.5,-63.5,14560.724,1006.53936269924,87.3125748351159,4
5,-41.5,-64.5,14623.056,896.037110799944,26.7003519413545,4
5,-42.5,-64.5,14623.156,778.364486511911,13.7778257250669,4
5,-43.5,-64.5,14615.881,667.169559867352,434.355182205291,4
5,-44.5,-64.5,14601.279,155.543543681966,3.42425906309357,4
5,-45.5,-64.5,14580.37,457.616114064398,18.1212574373112,4
5,-46.5,-64.5,14554.903,106.615780924641,10.882492694155,4
5,-47.5,-65.5,14566.895,333.584779933676,58.9580735124972,4
5,-47.5,-66.5,14557.843,108.122527180102,7.03235949138877,4
5,-48.5,-67.5,14592.655,247.072877252652,46.6527336202113,4
5,-49.5,-68.5,14595.106,111.194926644559,128.252510547329,4
5,-50.5,-69.5,14571.747,3760.57725953108,31.0281211852496,4
5,-51.5,-70.5,14561.33,156.287269009406,103.707544133674,4
5,-52.5,-71.5,14554.738,111.194926644559,654.087803791242,4
6,10.5,-82.5,12726.277,0,0,34
6,9.5,-81.5,12724.907,156.953437620885,207.885347841951,34
6,9.5,-80.5,14159.52,111.194926644559,8.77900889346007,34
6,8.5,-79.5,14335.86,248.589566796915,14.9644574281784,34
6,7.5,-79.5,14496.601,157.204481446989,174.671646052281,34
6,6.5,-79.5,14642.863,222.178165962038,175.913037183066,34
6,6.5,-78.5,14566.468,496.952126687401,44.1813768392015,34
6,6.5,-77.5,14497.429,111.194926644559,17.7684446539728,34
6,5.5,-76.5,14505.36,800.963702104466,249.832720556592,34
6,4.5,-75.5,14540.536,895.503782276374,111.951966780397,34
6,3.5,-75.5,14710.399,949.592808123355,194.469139488714,34
6,3.5,-76.5,14801.516,1054.37667631581,90.6912675310329,34
6,2.5,-76.5,14934.279,111.194926644559,4.96716370251749,34
6,1.5,-77.5,15107.481,111.194926644559,3.87263353340159,38
6,0.5,-78.5,15232.187,1352.50859213095,64.7691117771755,38
6,-0.5,-79.5,15315.794,1462.28193848876,103.4731063182,38
6,-1.5,-80.5,15328.676,111.194926644559,2.74731745428073,38
6,-2.5,-80.5,15350.651,111.194926644559,2.52188439273695,38
6,-1.5,-79.5,15351.551,1782.52268562582,68.5374763774927,38
6,-2.5,-78.5,15349.388,1893.50817056323,99.5169060053199,38
6,-3.5,-78.5,15368.163,0,NaN,38
6,-4.5,-78.5,15380.829,2001.50867960206,12.9820572699988,38
6,-5.5,-77.5,15381.584,2115.5567293082,224.533722066237,84
6,-6.5,-76.5,15338.14,2794.67244295518,70.3788169673155,84
6,-7.5,-76.5,15331.882,0,NaN,84
6,-8.5,-76.5,15320.677,111.194926644559,31.086085167621,84
6,-9.5,-76.5,15304.168,111.194926644559,8.55148247670181,84
6,-10.5,-76.5,15281.782,111.194926644558,4.92208962173279,84
6,-11.5,-76.5,15253.069,2564.96371554473,1067.84501063475,84
6,-12.5,-76.5,15218.055,3015.89815494753,153.083506164529,84
6,-13.5,-76.5,15177.581,111.194926644558,13.4716412217799,84
6,-14.5,-76.5,15133.489,672.490563617849,512.56902714779,84
6,-15.5,-76.5,15088.454,4577.69264983169,357.855898204443,84
6,-15.5,-76.5,15088.454,5360.54347396219,13996.1970599604,84
6,-16.5,-75.5,14924.857,111.194926644559,5.68306892796457,84
6,-15.5,-74.5,14843.575,1004.24316564079,144.954267557853,84
6,-15.5,-73.5,14688.325,1115.03704098386,66.9289940566551,84
6,-16.5,-73.5,14614.072,111.194926644559,4.13118318637844,84
6,-17.5,-72.5,14254.242,1336.90360835646,641.200771393697,11
6,-17.5,-71.5,13979.858,4347.86388018924,234.020339102713,11
6,-17.5,-71.5,13979.858,5795.15140240368,621.730651475564,11
6,-18.5,-70.5,13515.557,3673.98011363312,288.087517731786,11
6,-19.5,-69.5,13181.721,2115.06925107148,253.423107005887,NaN
6,-20.5,-69.5,13142.117,1669.9293329008,140.637471189223,NaN
6,-21.5,-69.5,13141.06,6275.0524473942,248.595691601068,NaN
6,-22.5,-69.5,13191.151,6384.72289128376,614.329153399763,NaN
6,-23.5,-68.5,13242.226,1892.07332471767,701.02753787276,11
6,-23.5,-67.5,13231.279,1892.96551177776,120.578731879591,11
6,-24.5,-67.5,13426.843,3895.8593237075,200.445530135191,11
6,-24.5,-68.5,13435.734,2114.26784613063,131.598894941524,11
6,-25.5,-68.5,13638.827,4382.8674471524,362.160588923548,11
6,-26.5,-67.5,13814.807,6593.95762016697,562.14472465185,11
6,-26.5,-68.5,13819.409,6349.33468971128,447.073277687057,11
6,-27.5,-67.5,13967.476,4015.62666090181,250.039019981441,11
6,-28.5,-66.5,14027.394,4136.04908338546,216.365823571117,11
6,-28.5,-67.5,14093.324,156.82220622486,19.7733206688753,11
6,-28.5,-68.5,14093.923,247.155106121747,298.496504978129,11
6,-29.5,-68.5,14195.895,4290.87026690054,133.054366550918,4
6,-30.5,-69.5,14324.69,95.8084780365598,1.13132450124057,4
6,-30.5,-70.5,14351.471,95.8084780365598,3.39818677862507,4
6,-30.5,-71.5,14379.665,4441.74807114304,284.526812577243,4
6,-30.5,-72.5,14464.352,4466.05050930587,399.825470842062,4
6,-31.5,-72.5,14524.476,1477.09101121356,20.9671106520207,4
6,-32.5,-72.5,14578.57,1394.94417005454,23.9077273905179,4
6,-33.5,-72.5,14629.771,4523.16012897104,124.348044782709,4
6,-34.5,-72.5,14679.979,4417.72584788978,67.3464616962635,4
6,-35.5,-72.5,14728.978,97.719721977781,163.138100129808,4
6,-36.5,-72.5,14774.639,97.719721977781,1.48217385071713,4
6,-37.5,-72.5,14814.308,1325.41729160335,27.8823900118509,4
6,-38.5,-72.5,14845.977,0,NaN,4
6,-39.5,-72.5,14868.568,1185.17028661566,95.717193233379,4
6,-40.5,-72.5,14881.571,148.928684256796,1.00581955639538,4
6,-41.5,-72.5,14885.148,99.5119092208378,21.6236221688093,4
6,-41.5,-72.5,14885.148,149.506185597665,0.849563504930468,4
6,-42.5,-71.5,14823.874,805.1637993546,6.5317092508689,4
6,-43.5,-71.5,14815.62,698.477821745374,8.75033288332149,4
6,-44.5,-71.5,14801.133,101.182855905069,11.3803684518135,4
6,-45.5,-71.5,14781.567,150.607689732692,0.815784514604246,4
6,-46.5,-71.5,14757.979,101.972221904121,9.31508375848357,4
6,-47.5,-71.5,14731.063,232.956201495492,5.80532798782616,4
6,-48.5,-71.5,14701.078,333.584779933676,35.3748441074937,4
6,-49.5,-71.5,14668.105,111.194926644559,2.80766909010607,4
6,-50.5,-71.5,14632.47,111.194926644559,105.198606096959,4
6,-51.5,-71.5,14594.636,3830.88247766985,9.23587147416808,4
6,-52.5,-71.5,14554.738,156.06233315036,113.914111788517,4
7,10.5,-82.5,12726.277,0,0,34
7,9.5,-81.5,12724.907,157.204481446989,13.6675779383571,34
7,9.5,-80.5,14159.52,471.697220818213,94.6993015093827,34
7,8.5,-79.5,14335.86,157.252375353749,11.5950726554896,34
7,7.5,-79.5,14496.601,314.492772897961,6.81945427712035,34
7,6.5,-78.5,14566.468,5138.953191936,380.776021927705,34
7,6.5,-77.5,14497.429,4558.99199242691,861.487526913417,34
7,5.5,-76.5,14505.36,4671.20135127021,3262.01211681136,34
7,4.5,-75.5,14540.536,135.388316970827,1187.61681553796,34
7,3.5,-74.5,14578.954,134.59009790269,13.2132434618761,34
7,2.5,-73.5,14656.506,133.789080857817,87.6730542973989,34
7,1.5,-72.5,14733.124,132.986200020639,33.7100633765904,34
7,0.5,-71.5,14792.803,809.375239023137,39.4740167295736,34
7,-0.5,-70.5,14779.241,137.757137842526,23.0864987166941,34
7,-1.5,-69.5,14809.286,1037.3896659094,95.0338645941096,34
7,-2.5,-68.5,14797.784,5894.10317002751,1819.16764507034,34
7,-3.5,-67.5,14714.336,5896.41868577481,245.316137700732,84
7,-3.5,-66.5,14562.038,1037.3896659094,111.379607677643,115
7,-3.5,-65.5,14359.951,1131.60685896118,39.6776598513731,115
7,-3.5,-64.5,13927.411,6122.34148359082,390.405655119918,115
7,-3.5,-63.5,13260.573,5126.3496635245,465.989424918136,115
7,-2.5,-62.5,13068.65,5551.53329000578,3738.40625589926,115
7,-3.5,-61.5,13105.394,1735.26253238137,391.707117919019,115
7,-2.5,-60.5,13073.979,4125.2112131412,3139.43014698649,115
7,-2.5,-59.5,13092.828,1465.99389644124,244.903758175919,115
7,-3.5,-59.5,13092.938,6349.33468971128,447.073277687057,115
7,-3.5,-58.5,13079.001,156.953437620885,4.4619467142622,14
7,-2.5,-57.5,13113.806,156.82220622486,19.7733206688753,115
7,-3.5,-56.5,13114.002,247.155106121747,298.496504978129,14
7,-4.5,-55.5,13094.557,5511.49785726099,89.14530872547,14
7,-3.5,-54.5,13131.732,4014.44395106617,53.6518222905237,14
7,-3.5,-53.5,13085.898,2047.02814021064,84.9706587609797,14
7,-2.5,-52.5,13133.348,5548.69436738379,874.498718263636,14
7,-3.5,-52.5,13138.283,87.0216285574898,1.69497338496508,14
7,-4.5,-52.5,13142.916,141.567795577828,4.49507193680783,14
7,-4.5,-51.5,13083.434,111.194926644559,9.98697023931729,14
7,-3.5,-50.5,13092.238,111.194926644559,8.24215600359936,14
7,-4.5,-50.5,13100.797,90.5251278803406,2.03871648042565,14
7,-4.5,-49.5,13091.866,143.736911464244,13.1326552274325,14
7,-3.5,-48.5,13143.812,5459.81047900707,759.67865298555,14
7,-3.5,-47.5,13145.674,5507.33665476905,267.113039808369,14
7,-4.5,-47.5,13172.496,91.6382779368978,2.12756031614268,14
7,-3.5,-46.5,13171.071,111.194926644558,6.46820584285693,14
7,-3.5,-45.5,13180.493,111.194926644559,5.07137310246108,14
7,-2.5,-44.5,13198.491,145.794350985685,5.91625820661791,14
7,-1.5,-43.5,13185.366,3284.61379665936,31.3839593026817,14
7,-2.5,-42.5,13178.433,3216.94645852208,100529.576831192,14
7,-2.5,-41.5,13175.597,95.8084780365592,2.15232237131143,14
7,-3.5,-41.5,13187.051,147.095261094627,1.5975765264312,14
7,-3.5,-41.5,13187.051,111.194926644559,2.38069083102238,14
7,-4.5,-41.5,13199.795,148.334011912414,1.80288312402663,14
7,-5.5,-41.5,13214.579,148.928684256796,0.543237950964055,14
7,-6.5,-41.5,13232.185,1602.68083701018,77.4054980444428,14
7,-7.5,-41.5,13252.884,111.194926644559,41.9603496771978,14
7,-8.5,-41.5,13276.097,222.389853289117,152.42621884099,14
7,-9.5,-41.5,13300.737,333.584779933676,55.5326752012149,14
7,-10.5,-40.5,13303.62,0,NaN,14
7,-11.5,-40.5,13332.007,153.452063497664,27.0066989612275,14
7,-12.5,-39.5,13328.81,566.148082263564,707.68510282849,14
7,-13.5,-39.5,13350.355,841.102657472429,78.9100907657807,14
7,-14.5,-39.5,13362.844,1023.2748151221,133.082951635071,14
7,-15.5,-39.5,13366.953,895.976705437125,2395.65964020752,14
7,-16.5,-39.5,13364.303,807.142929056254,285.916730094284,14
7,-17.5,-39.5,13356.837,1087.17273710884,153.058248220325,14
7,-17.5,-39.5,13356.837,302.761501180838,44.5041160048277,14
7,-18.5,-40.5,13351.155,1539.70213480159,136.450029670475,14
7,-19.5,-41.5,13331.633,1400.53028048117,1216.79433577685,14
7,-20.5,-42.5,13339.696,1480.48653373861,854.78437282831,14
7,-21.5,-43.5,13321.707,1926.55319825541,549.658544438189,14
7,-22.5,-44.5,13302.469,100.362668383795,10.953035947156,14
7,-23.5,-45.5,13314.904,111.194926644559,21.9579239029526,14
7,-24.5,-46.5,13281.269,0,NaN,14
7,-25.5,-47.5,13288.069,101.182855905069,58.2850552448902,14
7,-24.5,-47.5,13283.005,1856.63248021383,358.977664387791,14
7,-24.5,-47.5,13283.005,2494.66449578667,160.697274915406,14
7,-25.5,-48.5,13297.232,2474.67581559179,321.846249914383,14
7,-26.5,-49.5,13387.658,111.194926644559,5.37199510336518,14
7,-27.5,-50.5,13661.808,111.194926644559,6.31574046600933,14
7,-28.5,-51.5,13744.084,111.194926644559,7.52130185636914,4
7,-29.5,-51.5,13790.791,400.387120181114,307.045337562184,4
7,-30.5,-52.5,13882.865,351.191413294798,30.6985501131803,4
7,-30.5,-53.5,13927.379,0,NaN,4
7,-31.5,-54.5,14032.07,314.349078433569,186.557316577842,4
7,-32.5,-55.5,14056.713,314.34907843357,64.5083271975366,4
7,-33.5,-55.5,14078.639,351.191413294798,170.48126858975,4
7,-34.5,-55.5,14095.83,111.089091030378,39.1710476129525,4
7,-34.5,-56.5,14138.902,702.044516253084,226.39294300321,4
7,-34.5,-57.5,14166.707,157.060945699498,110.218207508476,4
7,-35.5,-58.5,14177.652,110.987520441634,4.37010357292744,4
7,-35.5,-59.5,14222.055,110.987520441633,59.6066167785039,4
7,-36.5,-59.5,14235.546,457.411422691536,510.503819967867,4
7,-37.5,-59.5,14246.68,111.194926644559,24.0006316953514,4
7,-38.5,-60.5,14278.174,111.194926644559,22.5319000292949,4
7,-38.5,-61.5,14329.515,248.364281812118,153.690768448094,4
7,-39.5,-62.5,14434.775,221.975009377843,12.5197410816609,4
7,-40.5,-63.5,14560.724,157.144648273241,801.758409557709,4
7,-41.5,-63.5,14567.953,457.871341933555,54.4307348946196,4
7,-42.5,-64.5,14623.156,1225.19608277817,266.520792425111,4
7,-42.5,-65.5,14670.662,554.259665515943,88.8236643455068,4
7,-43.5,-66.5,14676.629,457.411422691535,282.527129519065,4
7,-44.5,-67.5,14719.628,111.194926644559,1010.86296949064,4
7,-45.5,-68.5,14712.904,1005.5342669752,1704.29536775415,4
7,-46.5,-69.5,14712.79,157.060945699498,422.206843278914,4
7,-47.5,-70.5,14702.604,457.411422691535,76.6440051426738,4
7,-48.5,-71.5,14701.078,248.152391205647,100.711197729567,4
7,-49.5,-72.5,14697.133,784.377680994867,176.940600269576,4
7,-50.5,-72.5,14659.746,248.364281812119,49.4552532481237,4
7,-50.5,-71.5,14632.47,222.178165962038,41.692281096275,4
7,-51.5,-71.5,14594.636,2643.76501208176,7.72188523067463,4
7,-52.5,-71.5,14554.738,156.06233315036,113.914111788517,4
